"Hydro Quebec","IESO","ISO-NE","NYISO"
1,-0.249951225085742,0.0371693714489753,-0.134393513429624
-0.249951225085742,1,0.107360462266146,0.0714106909690946
0.0371693714489753,0.107360462266146,1,0.307269746390502
-0.134393513429624,0.0714106909690946,0.307269746390502,1
