"Hydro Quebec","IESO","ISO-NE","NYISO"
1,0.318706627428554,-0.164822694767073,-0.118019392359436
0.318706627428554,1,-0.579822327383739,-0.232101590472662
-0.164822694767073,-0.579822327383739,1,0.341250027300003
-0.118019392359436,-0.232101590472662,0.341250027300003,1
