"IESO","HydroQC","NYISO","ISONE"
1,0.498375072339106,0.840448793278443,0.821649173740855
0.498375072339106,1,0.170611330927728,0.307525207901566
0.840448793278443,0.170611330927728,1,0.942993912158011
0.821649173740855,0.307525207901566,0.942993912158011,1
