"IESO","HydroQC","NYISO","ISONE"
1,-0.398818086212906,0.713192255424582,0.603193364298743
-0.398818086212906,1,-0.429847828841518,-0.412983124161193
0.713192255424582,-0.429847828841518,1,0.86536913704419
0.603193364298743,-0.412983124161193,0.86536913704419,1
